# Hand-written English glosses (word<TAB>gloss), used by tools/build-words.py
# for words English Wiktionary lacks, and to override unhelpful glosses.
# The word must match the KELLY lemma exactly (after "a,-b" -> "a, -b" tidying).
ο	the (masculine)
η	the (feminine)
το	the (neuter)
να	to; that (subjunctive particle)
θα	will (future particle)
ως	as; until
ένας	a, an; one
χερσαίος	land, terrestrial
υπό	under
αναμενόμενος	expected
περιβάλλων	surrounding
χρηστός	honest, upright
ωφέλεια	benefit, use
χάρη σε	thanks to
χθεσινός	yesterday's
ψήφιση	passing (of a law), vote
κοινοτικός	community; EU (Community)
διατίθεμαι	to be available; to be disposed
λεγόμενος	so-called
τροπός	modal
πρότυπος	model, exemplary; standard
φόρουμ	forum
ελεγκτικός	auditing, control
πλαστικός	plastic
ενιαίος	single, unified, uniform
εξελίσσω	to develop
συλλογικός	collective
παραθέτω	to quote, cite; to give (a dinner)
κανονικά	normally, properly
ερευνητικός	research
ιδεολογικός	ideological
βάσει	on the basis of
προσβάλλω	to offend, insult; to challenge (in court)
κατάρτιση	training; drawing up
τυχόν	any, possible; by chance
συνεδριάζω	to meet, be in session
τόμος	volume, tome
εκτύπωση	printing, printout
ψέμμα	lie
χορηγία	sponsorship, grant
ενημερώνομαι	to be informed
ενδιαφερόμενος	interested (party)
γενετικός	genetic
έντυπος	printed
μεταπτυχιακός	postgraduate
χορήγηση	granting; administering (of medicine)
θεματικός	thematic
μετατροπή	conversion, transformation
σωτηρία	salvation, rescue
μονάχα	only
τυπικός	typical; formal
πρόσθετος	additional
στιλ	style
προδιαγραφή	specification
επεξεργάζομαι	to process, edit
δεκτός	accepted
ταυτίζω	to identify (with)
κονδύλιο	budget item, funds
υλοποιώ	to implement, carry out
εξάμηνος	six-month
διαδίδω	to spread
υπερήφανος	proud
σχηματισμός	formation
γνήσιος	genuine, authentic
χρηματοδοτικός	financing, funding
καπιταλιστικός	capitalist
ενώπιον	before, in front of
φωτισμός	lighting
δικτυακός	network, online
πολιτισμικός	cultural
γωνιά	corner, nook
νεοελληνικός	Modern Greek
ψήσιμο	baking, roasting
προβληματισμός	concern, reflection
σπήλαιο	cave
τυπικό	formality; ritual
χρησιμοποιήσιμος	usable
προβαίνω	to proceed (to), carry out
προσδιορισμός	determination, definition
μεσαίος	middle, medium
εργασιακός	work, labour
επίλυση	solution, resolving
συντηρητικός	conservative
συστηματικός	systematic
ομαδικός, -ή, -ό	group, collective
ταξικός	class
προχθεσινός	of the day before yesterday
υποτίθεται	supposedly; is supposed to
παρόμοια	similarly
τουρνουά	tournament
χλμ.	km (kilometre)
όρθιος	standing, upright
νομαρχιακός	prefectural
εμφανής	obvious, evident
σελήνη	moon
ελαστικός	elastic, flexible
κοσμικός	worldly, secular; cosmic
ταπεινός	humble
μολύνω	to infect, pollute
συμβατικός	conventional
υποδεικνύω	to point out, suggest
επίτευξη	achievement
ενιαία	uniformly, jointly
σκηνοθεσία	directing, direction
γέροντας	old man; elder
συνεπάγομαι	to imply, entail
διαρθρωτικός	structural
διευθύνων	managing (director)
κυβερνών	governing, ruling
υπάγω	to subordinate, place under
καθορισμός	determination, setting
προτίθεμαι	to intend
περιβάλλω	to surround
οργανωτικός	organizational
γνωστικός	cognitive
πρόνοια	welfare; providence, foresight
συντονισμός	coordination
επιφέρω	to bring about, cause
διαπίστωση	finding, observation
αυξανόμενος	increasing, growing
ενημερωτικός	informative
παρασύρω	to sweep away; to mislead
θεολογικός	theological
ευθύνομαι	to be responsible
πλήρωμα	crew
μονώνω	to insulate
προνόμιο	privilege
συνδικαλιστής	trade unionist
συμφωνών	agreeing
ρητός	explicit
πανικός	panic
εργαστηριακός	laboratory
διατύπωση	wording, formulation
εισηγούμαι	to propose, recommend
κατατάσσω	to classify, rank
νομοθετικός	legislative
ιδιωτικά	privately
καταχωρώ	to register, enter
συντονιστής	coordinator
αναφερόμενος	referring, mentioned
ραπτική	tailoring, dressmaking
διαμαρτύρομαι	to protest, complain
μοιραίος	fatal; fateful
επιθεώρηση	inspection; review (magazine)
προκήρυξη	announcement, call (for applications)
νοητικός	mental
αυστηρά	strictly
καταρχήν	in principle, first of all
εξαγγέλλω	to announce
συνδικαλιστικός	trade union
δημοσιογραφικός	journalistic
δίωξη	prosecution; persecution
καταπολέμηση	combating, fight against
ολοένα	increasingly, constantly
διπλωματικός	diplomatic
διεύρυνση	enlargement, widening
χειρισμός	handling, operation
προϋποθέτω	to presuppose
γνώρισμα	trait, characteristic
επιδοτώ	to subsidize
διδάσκων	teaching; lecturer
έμμεσα	indirectly
διάταγμα	decree
εκκρεμότητα	pending matter
τήρηση	observance, keeping
σφάζω	to slaughter
πλάι	beside, next to
έκαστος	each
ελίτ	elite
υπόσταση	substance, existence
καταστολή	repression, suppression
οφειλή	debt
προτεινόμενος	proposed
συμπλήρωση	completion, filling in
διήγημα	short story
θέσπιση	establishment, enactment
καταστροφικός	destructive, disastrous
πρότερος	prior, previous
εξαγγελία	announcement
εκσυγχρονισμός	modernization
παθητικός	passive
προκηρύσσω	to announce, call (elections)
καταστατικό	statute, charter
επίμαχος	controversial, disputed
στοά	arcade, gallery; stoa
εδάφιο	paragraph, clause
θέλημα	will; errand
μερίδιο	share, portion
εξεταστικός	examining, investigative
ρεαλιστικός	realistic
επιστημονικά	scientifically
ζητούμενος	required, sought
παθολογικός	pathological
εκκαθάριση	clearance, liquidation
τρυφερός	tender, gentle
μεταφορικός	transport; figurative
υπόκειμαι	to be subject to
μέτοχος	shareholder
διαπράττω	to commit (a crime)
συστηματικά	systematically
σεβαστός	respected
δομικός	structural
λεπτομερής	detailed
ομώνυμος	of the same name
μυστήριος	mysterious
προβλεπόμενος	provided for, expected
δημοσκοπώ	to poll
συνέχιση	continuation
διπλωμάτης	diplomat
σεφ	chef
επώνυμος	named, famous
κατοικών	residing; resident
εγχείρημα	undertaking, venture
καθιστός	seated, sitting
κατοχυρώνω	to secure, safeguard; to register
θεσπίζω	to establish, enact
υπεράσπιση	defence
ενθουσιάζω	to excite, thrill
χορευτικός	dance
ερασιτεχνικός	amateur
νεανικός	youthful
επιτυχής	successful
παρεμβαίνω	to intervene
εξασφάλιση	securing, guarantee
υπονομεύω	to undermine
παρτίδα	game (of chess, cards); batch
κυμαίνομαι	to range, fluctuate
επιτελείο	staff, headquarters
επιπρόσθετος	additional
εκκίνηση	start
υφιστάμενος	existing; subordinate
καταρτίζω	to draw up, compile; to train
προκρίνω	to prefer, select
ενίοτε	sometimes, occasionally
ευρεσιτεχνία	patent, invention
σιγουριά	certainty, security
υγειονομικός	sanitary, health
σκηνοθετώ	to direct (film, play)
μεταφυσική	metaphysics
πόρισμα	finding, conclusion
χωριστός	separate
εμπειρικός	empirical
επίτροπος	commissioner
διαβεβαίωση	assurance
μαχητικός	combative, militant
εξάπλωση	spread
υποταγή	submission
συνοχή	cohesion, coherence
συνεδρία	session, meeting
μυϊκός	muscular
επιλύνω	to solve
ενσωμάτωση	integration, incorporation
πηγάζω	to stem from, originate
κλάση	class
ξαναγυρίζω	to come back, return
σύμπλεγμα	complex, cluster
ζωντανά	live, vividly
παραλαβή	receipt, collection
διαβίωση	living, subsistence
κατεστημένο	the establishment
επικοινωνιακός	communication
ευχέρεια	ease, fluency
θεμελιώνω	to found, lay the foundation
πολυάριθμος	numerous
παραπέρα	further
προσπερνάω, προσπερνώ	to overtake, pass
προσδίδω	to lend, give (a quality)
έγχρωμος	coloured
ξημερώματα	at daybreak
υποτιθέμενος	supposed, alleged
εισοδηματικός	income
εξεύρεση	finding, locating
μεμονωμένος	isolated, individual
χορωδία	choir
τιμητικός	honorary
πτυχιούχος	graduate
συνταξιοδότηση	retirement
συνομιλητής	interlocutor
συμβατός	compatible
συμπεραίνω	to conclude, infer
ελαττώνω	to reduce
κατασκευαστικός	construction
παράγωγος	derivative
πολιτισμένος	civilized
πάγιος	fixed, standing
παρατάσσω	to line up, array
προέκταση	extension
προαναφερθείς	aforementioned
θρεπτικός	nutritious
διακηρύσσω	to declare, proclaim
ψυχικός	mental, psychological
προκαταρκτικός	preliminary
σατανάς	Satan, devil
δικαιολογητικά	supporting documents
εγκαίνια	opening, inauguration
εναρμονίζω	to harmonize
διορισμός	appointment
ιμπεριαλιστικός	imperialist
φυσιογνωμία	physiognomy; personality
πρώτιστα	first and foremost
κοινοποίηση	notification
ζημία	damage, loss
υπόβαθρο	background, basis
τεντώνω	to stretch
μεταπτυχιακά	postgraduate studies
σωτήριος	saving, salutary
καταναλωτικός	consumer
αναπτυσσόμενος, -η, -ο	developing
νομιμοποιώ	to legalize, legitimize
πάγια	permanently, consistently
μεταβαίνω	to go, proceed
γνωμοδότηση	expert opinion
καταπίεση	oppression
ξεσηκώνω	to stir up; to copy
βαρύνω	to weigh on; to be borne by
ευέλικτος	flexible
συγκλονιστικός	shocking; stunning
επικράτηση	prevalence, victory
επιτελώ	to perform, accomplish
μεταχείριση	treatment
ξαναβρίσκω	to find again
πράττω	to do, act
διαχειριστικός	administrative
συμβιβάζω	to reconcile
δέσμη	bundle, package
εποχιακός	seasonal
ριζικό	destiny, fate
ισχυρά	strongly
κανονιστικός	regulatory
δαπανώ	to spend
οπίσθιος	rear, back
τωρινός	current, present
καθιέρωση	establishment, introduction
συνυπάρχω	to coexist
διασφάλιση	safeguarding
ισότιμος	equal, equivalent
φύλαξη	guarding, safekeeping
ταξινομώ	to sort, classify
συμμερίζομαι	to share (a view)
κλινικός	clinical
αποφασιστικά	decisively
επικύρωση	ratification, confirmation
μετοχικός	share, equity
έκβαση	outcome
κυνηγετικός	hunting
πληροφοριακός	information
υπέρτατος	supreme
υπηρεσιακός	official, service
ιδρυτικός	founding
κατανέμω	to distribute, allocate
σπουδαία	greatly, splendidly
διευκόλυνση	facilitation
σκορπίζω	to scatter
οριακός	marginal, borderline
δυναμώνω	to strengthen, grow stronger
επιβάρυνση	burden, extra charge
προστιθέμενος	added
νομιμοποίηση	legalization
χίλιοι	thousand
εκτενής	extensive
συντονιστικός	coordinating
νησιωτικός	island
κερδοσκοπικός	speculative, profit-making
στερεότυπος	stereotypical
ενοικιαζόμενος	for rent
σαφήνεια	clarity
πειθαρχία	discipline
οδυνηρός	painful
τριακόσιοι	three hundred
διαδικαστικός	procedural
δημοσιοποιώ	to make public
οικολόγος	ecologist
κρίσιμα	critically
εκσυγχρονίζω	to modernize
ρήτρα	clause
ξανακάνω	to redo
ακραία	extremely
ερμηνευτικός	interpretive
μοιραία	inevitably, fatally
εκσυγχρονιστικός	modernizing
ενεργοποιούμαι	to be activated, become active
ριζικά	radically
στελέχωση	staffing
ντοκουμέντο	document (evidence)
χαιρετίζω	to greet, welcome
ενεργά	actively
απασχολούμενος	employed
ηχογραφώ	to record
κ.τλ.	etc.
επανεξετάζω	to reconsider, review
ελλιπής	incomplete, deficient
κωμικός	comic, funny
επικουρικός	auxiliary, supplementary
στελεχώνω	to staff
ρήγμα	rift, crack
κλειστά	closed
ανάμεσα σε	between, among
δεσμευτικός	binding
ναυτιλιακός	shipping, maritime
προπαντός	above all
συλλαλητήριο	rally, demonstration
επιλεκτικός	selective
δικηγορικός	legal, lawyer's
εκκρεμής	pending
ικανοποιητικά	satisfactorily
επιτήρηση	supervision, surveillance
μαθητικός	school, pupil's
ξαναέρχομαι	to come again
φορτηγός	cargo
δεοντολογία	ethics, code of conduct
κυκλοφοριακός	traffic
ξεκολλάω	to unstick; to get unstuck
υποκριτικός	hypocritical
κάμψη	bending; decline
ορμάω, ορμώ	to rush, charge
οριστικοποιώ	to finalize
διευθετώ	to settle, arrange
γενετικά	genetically
εξαγοράζω	to buy off, buy out
διογκώνω	to inflate, exaggerate
σφουγγαρίζω	to mop
εκσφενδονίζω	to hurl, fling
δικονομικός	procedural (law)
υπερέχω	to excel, surpass
βαρυσήμαντος	momentous
ντεμπούτο	debut
μπουχτισμένος	fed up; stuffed
πυθμένας	bottom
ιδιότητα μέλους	membership
διαμαρτυρόμενος	protesting
δική τους	their own
προσληφθείς	recruit, new hire
δηλ.	i.e.
επιμελούμαι	to take care of; to edit
πιο πολύ	more
εξουσιοδοτημένος	authorized
συρρικνώνω	to shrink
λαχταρώ	to long for, crave
συνέταιρος, συνεταίρος	partner
περίγραμμα	outline
ημερήσια διάταξη	agenda
ατμοπλοϊκώς	by steamship
κουίζ	quiz
εγκάρδιος	cordial, warm
συναγωνίζομαι	to compete
συννεφιασμένος	cloudy
επιδρώ σε κάποιον	to influence someone
γεωργική εκμετάλλευση	farm, agricultural holding
καταχωρίζω	to enter, register
ξερός κρότος	sharp crack, bang
μικροβιολόγος	microbiologist
εξακολουθητικός	continuous
λεπτομερώς	in detail
εκλαμβάνω	to take as, interpret as
μπροστά από, μπροστά από την πόρτα	in front of (the door)
πλοηγώ	to navigate
εποπτεία	supervision
στερημένος	deprived
τηλεκάρτα	phone card
ινδός	Indian
φαινόμενο του θερμοκηπίου	greenhouse effect
αμέσως τώρα	right now
φλας	flash
κάπου κάπου	now and then
στο σπίτι	at home
καταραμένη	cursed
σταμπάρω	to stamp; to spot
στρατολογώ	to recruit
κατοικήσιμος, -η, -ο	habitable
πέρα από	beyond
πλαισιώνω	to frame, surround
γιγάντιος	gigantic
κ.λπ.	etc.
υποτάσσομαι	to submit, yield
τραντάζω	to shake, jolt
προσωποποίηση	personification
προωθητικός	promotional
σημαίνων	prominent, important
διακριτικότητα	discretion
τμηματικά	in parts, in instalments
μόλις τώρα	just now
θρήσκος	religious
εξακριβώνω	to verify, ascertain
προθυμοποιούμαι	to volunteer, offer
παραδειγματικά	by way of example
λάκκος	pit, hole
εξοικονομώ	to save, economize
ανταγωνίσιμος	competitive
σιλουέτα	silhouette, figure
θεμελίωση	foundation, grounding
ως αποτέλεσμα	as a result
μπαμπάκας	daddy
υποκατάστατο	substitute
τρίκλινο	triple room
θα έπρεπε, θα μπορούσα	should; could
εκμυστηρεύομαι	to confide
παππούς και γιαγιά	grandparents
κοιτώνας	dormitory
καθώς και	as well as
μεταχειρίζομαι	to use; to treat
κείμαι	to lie, be situated
έως ότου, έως τώρα	until; until now
ζαλισμένος	dizzy
ιδιόρρυθμος	peculiar, eccentric
πάνω σε, πάνω από	on; above, over
λαμπερός	bright, shining
ευπρεπής	decent, respectable
επιχειρηματολογώ	to argue
έκτακτης ανάγκης	emergency
επεξηγηματικός	explanatory
συμφραζόμενα	context
καινοτόμος	innovative; innovator
επικεφαλίδα	heading, headline
οικιστικός	residential, housing
ισλαμικός	Islamic
φημισμένος	famous
διάρκεια ζωής	lifespan
συσκευάζω	to package
επιλύω	to solve, resolve
βελτιωμένος	improved
σκιαγραφώ	to outline, sketch
ως συνήθως	as usual
καντίνα	canteen, snack bar
ενάντια σε	against
προεδρεύω	to preside, chair
εθνική ομάδα, εθνική ομοσπονδία	national team; national federation
γενέτειρα	birthplace, hometown
κρυφοκοιτάζω	to peep
δια μέσου	through, via
ξεφωνίζω	to shout, scream
προεξέχων	protruding; prominent
εδραιώνω	to consolidate
μετά από, μετ' επιστροφής	after; return (ticket)
νόρμα	norm
ξετυλίγω	to unroll, unwind
διεισδύω	to penetrate
δεσμευμένος	committed, bound; blocked
στρατολόγηση	recruitment
τρακάρισμα	crash, collision
στριμώχνω	to squeeze, corner
με συγχωρείτε	excuse me
άλλη φορά	another time
ένδυση	clothing
έννομος	legal, lawful
έντιμα	honestly
έξαψη	excitement; flush
έστω (και, και αν)	even (if)
αγορά εργασίας	labour market
αδιάκοπα	continuously, nonstop
αδύναμα	weakly
αμερικανός	American
αμοιβαίως	mutually
αναστατωμένος	upset
ανεξάρτητα από	regardless of
αντιθέτως	on the contrary
αποβλακωμένος	stupefied, dazed
αρμόζων	appropriate, fitting
αρραβωνιασμένος	engaged
αφανίζομαι	to be destroyed, vanish
αφορά κάποιον	it concerns someone
αφορών	concerning
αχ!	ah!, oh!
βάζω λουκέτο, βάζω υποψηφιότητα, βάζω φωτιά	to close down; to run (as candidate); to set fire
βέλτιστος	optimal, best
βίβλος	book; the Bible
βαλτικός	Baltic
βιβλικός	biblical
βλακώδης	stupid
βλαστημώ	to curse, swear
βογγώ	to groan
βολεύομαι	to make oneself comfortable; to settle
βοοειδές	bovine, cattle
βουβός	mute, silent
βρετανός	Briton
βροντά, βροντάει	it thunders
γέμισμα	filling, stuffing
γίνομαι καπνός	to vanish (into thin air)
γειτνίαση	proximity
γενετιστής	geneticist
γεννητικός	genital, reproductive
γευματίζω	to dine, have lunch
γκαρνταρόμπα	wardrobe
γνέφω	to nod, beckon
γονατίζω	to kneel
γράφημα	graph, chart
γράφων	the writer
γρασιδότοπος	lawn, grassland
γραφίστας	graphic designer
γρηγορότερα	faster, sooner
δάκτυλος	finger; dactyl
δέκα χιλιάδες	ten thousand
δέκατος πέμπτος	fifteenth
δέκατος όγδοος	eighteenth
δίδαγμα	lesson, teaching
δαπανηρός	expensive, costly
δεκάδες	dozens, tens
δερμάτινος	leather
δημοσίως	publicly
διάπραξη	commission (of a crime)
διαβάθμιση	grading, gradation
διαβούλευση	consultation
διαγώνιος	diagonal
διαδίδομαι	to spread, circulate
διαζευγμένος	divorced
διαθεσιμότητα	availability
διακανονίζω	to settle, arrange
διαμεσολάβηση	mediation
διαπαιδαγωγώ	to educate, bring up
διαπρεπής	distinguished, eminent
διασαφηνίζω	to clarify
διασημότητα	celebrity
διασκορπίζω	to scatter, disperse
διαστημικός σταθμός	space station
διατάσσω	to order, command
διδακτέος	to be taught
διεκπεραιώνω	to carry out, handle
διεξάγομαι	to take place, be held
διεξοδικά	thoroughly
διερμηνεύω	to interpret
διευθέτηση	arrangement, settlement
διευθυντής σχολείου	headteacher, principal
διμοιρία	platoon
δισκογραφικός	record (label), recording
δρομάκι	path, alley
δυνητικά	potentially
δυσχεραίνω	to hinder, make difficult
δόκτωρ	doctor (PhD)
δύσπιστος	sceptical, distrustful
είναι γνωστό ότι	it is known that
είναι δυνατόν	it is possible
εγγυητής	guarantor
εγκάρδια	cordially
εγκοπή	notch, slot
εγχειρίζω	to hand over
ειδικευμένος	specialized, skilled
ειδικότερα	more specifically
εικονογραφώ	to illustrate
ειρηνικά	peacefully
ειρμός	train of thought, coherence
εισβολέας	invader, intruder
εκ νέου	anew, again
εκατό χιλιάδες	one hundred thousand
εκδηλώνομαι	to manifest, show one's feelings
εκπρόσωπος τύπου	press spokesperson
εκτείνομαι	to extend, stretch
εκτυπωμένος	printed
εκφοβίζω	to intimidate
εκφραστικός	expressive
εκχώρηση	assignment, transfer
ελαχιστοποιώ	to minimize
ελεεινός	wretched, miserable
ελευθέρωση	liberation
ελιγμός	manoeuvre
εμβριθής	profound, erudite
εμφανώς	visibly, obviously
εμψυχώνω	to encourage
εναλλάσσω	to alternate
εναλλακτικά	alternatively
εναντιώνομαι	to oppose
εναπομένων	remaining
ενδεδειγμένος	advisable, appropriate
ενδόμυχος	innermost
ενθουσιώδης	enthusiastic
ενορία	parish
ενοχλημένος	annoyed
ενσωματωμένος	built-in, integrated
εντατικά	intensively
εξ ονόματος	on behalf of
εξέρχομαι	to exit, go out
εξαναγκασμός	coercion
εξαντλητικός	exhausting; exhaustive
εξασκούμαι	to practise
εξοικονόμηση	saving
εξορύσσω	to mine, extract
εορταστικά	festively
επίβλεψη	supervision
επακριβώς	precisely
επακόλουθος	consequent
επανακτώ	to regain
επαναληπτικός	repeat, revision
επανορθώνω	to rectify, make amends
επεξήγηση	explanation
επευφημία	cheer, acclaim
επιβεβαιώνομαι	to be confirmed
επιβράβευση	reward
επιδέξιος	skilful
επικρατέστερος	most likely, prevailing
επικρατών	prevailing
επικριτικά	critically
επιλεγμένος	selected
επιμελώς	diligently
επιπλήττω	to reprimand
επισπεύδω	to hasten, speed up
επιτευχθείς	achieved
επιτηρητής	supervisor, invigilator
επιτηρώ	to supervise, watch over
επιτρεπτός	permissible
επιχειρηματολογία	argumentation
εποικοδομητικός	constructive
εργολαβία	contract (construction)
εσκεμμένος	deliberate
εστίαση	focusing; catering
ετησίως	annually
ευημερών	prosperous
ευκολότερος	easier
ευκρινής	clear, sharp
ευκρινώς	clearly
ευμάρεια	prosperity
ευμετακίνητος	easily movable
ευοίωνος	promising, auspicious
ευπαθής	vulnerable, sensitive
ευστροφία	quick-wittedness
εφαρμοσμένος	applied
εφαρμοστέος	applicable
εφαρμόσιμος	applicable
εύθραυστος	fragile
εύστοχος	apt, well-aimed
εύχρηστος	easy to use
ζηλιάρα	jealous woman
ζην	living, life
ζόρικος	tough, difficult
ημιτελής	unfinished
θρέψη	nutrition
ιεροτελεστία	ritual
Ιρακινός	Iraqi
Ισλάμ	Islam
ισλαμιστής	Islamist
ισορροπημένος	balanced
ισραηλίτικος	Israelite, Jewish
ιστολογώ	to blog
ισχυροποιώ	to strengthen
ισχυρότερος	stronger
κάλπικος	counterfeit, fake
κάμποσο	quite a lot, a while
κάστα	caste
καθαγιάζω	to consecrate
καθαριστήριο	dry cleaner's
καθεδρικός	cathedral
κακοηθής	malignant
κακομεταχείριση	mistreatment
κακομεταχειρίζομαι	to mistreat
κακοτυχία	bad luck
κακόμοιρος	poor, wretched
κακώς	wrongly, badly
καμαριέρα	chambermaid
καμιά φορά	sometimes
καμπαρντίνα	trench coat
καρτοτηλέφωνο	card phone
κασόνι	crate
καταδίωξη	pursuit, chase
κατακλύζω	to flood, inundate
καταμέτρηση	counting
καταμερισμός	division, allocation
καταναλωτική	consumer
καταπάτηση	violation; encroachment
καταπιάνομαι	to take up, undertake
καταπλήσσω	to astonish
καταραμένο	cursed
καταστέλλω	to suppress
καταψύχω	to freeze
κατρακυλάω, κατρακυλώ	to tumble down
καχυποψία	suspicion
κελάρι	cellar
κεντράρω	to centre
κλονισμός	shock, shaking
κλωτσώ	to kick
κολύμπι	swimming
κομματιάζω	to break into pieces
Κοράνι	Koran
κορδόνι	cord, shoelace
κοσκινίζω	to sift
κοσμήτορας	dean
κοσμοβριθής	crowded
κουμπάρα	godmother; bridesmaid
κουρδικός	Kurdish
κοφτερά	sharply
κράτημα	holding; reservation
κρέμομαι	to hang
κριτικάρω	to criticize
κυλιέμαι	to roll
κόψιμο	cut, cutting
λάκτισμα	kick
λαμποκοπάω, λαμποκοπώ	to glitter, shine
λαμπυρίζω	to twinkle, glimmer
λειτουργικότητα	functionality
λερωμένος	dirty, stained
λιπόσαρκος	skinny
λοξά	sideways, askance
λοταρία	lottery
μάστερ	master's (degree)
μέσα σε, μέσα στο νερό	inside, within; in the water
μίσθωση	lease, rental
μαγείρεμα	cooking
μαγκώνω	to jam, get stuck
μαιζονέτα	maisonette
μεγαλοφυής	genius, brilliant
μεγαλούπολη	metropolis
μεριμνώ	to take care of
μεσοδιάστημα	interval
μετέπειτα	subsequent; later
μετέρχομαι	to employ, resort to
μεταβιβάζω	to transfer
μεταμοσχεύω	to transplant
μεταστρέφω	to convert, turn
μετατρέψιμος	convertible
μετριοπαθής	moderate
μηνιαίως	monthly
μιμούμαι	to imitate
μνημονεύω	to mention; to commemorate
μνηστήρας	suitor
μολυβδώνω	to seal with lead
μονοσήμαντος	unambiguous
μονόχρωμος	monochrome
μορφοποίηση	formatting
μουσουλμανικός	Muslim
μούσι	goatee, beard
μπλοκ	notepad; block
μπουτίκ	boutique
μυθικός	mythical
μυστικότητα	secrecy
νεύω	to nod, beckon
νοίκι	rent
νοικοκυρεμένος	tidy, well-kept
νοσοκομειακός	hospital
νουβέλα	novella
νυχτικό	nightgown
ξέσπασμα	outburst
ξεδιπλώνω	to unfold
ξεκούραστος	rested, refreshed
ξημερώνει	day is breaking
ξυλοδαρμός	beating
ξυριστικός	shaving
οδικώς	by road
οικτρός	miserable, pitiful
οκτωβριανός	October
ολέθριος	disastrous
ολίσθηση	slide, slip
ολιγάριθμος	few in number
ολοκληρωμένος	complete, integrated
ολωσδιόλου	completely
ολότητα	entirety, totality
ομαλά	smoothly
ομοίως	likewise
οργανωτής	organizer
ορθολογικός	rational
ορθοπεδικός, ορθοπαιδικός	orthopaedist
ορυκτό	mineral
ουσιωδώς	substantially
ουφ	phew, ugh
οφειλόμενος	due, owed
πάνω μέρος	top, upper part
πάρα πολύ	very much
παίξιμο	playing, performance
παθιασμένος	passionate
παθολόγος	general practitioner, internist
παλαιστινιακός	Palestinian
παράγωγο	derivative, by-product
παράτυπος	irregular
παραδειγματικός	exemplary
παραθερίζω	to spend the summer (holidays)
παραμελώ	to neglect
παρελαύνω	to parade
παρεμβολή	interference; insertion
παρεμπόδιση	obstruction
παρενοχλώ	to harass
παρκάρισμα	parking
παρομοίως	similarly
πασχίζω	to strive
παχουλός	plump, chubby
περίγυρος	surroundings, entourage
περαιτέρω εξέλιξη	further development
περιθωριακός	marginal
περιληπτικά	in summary
περιπλανιέμαι	to wander
περισσότερα	more
περισσότερο	more
περισυλλέγω	to collect, gather
περιφέρω	to carry around
πικάντικος	spicy, piquant
πικρία	bitterness
πινγκ-πονγκ	ping-pong
πιστευτός	believable
πιστώνω	to credit
πιτζάμα	pyjamas
πλασματικός	fictitious
πλεονάζων	surplus, redundant
πλεόνασμα	surplus
πληκτικός	boring
πολλαπλότητα	multiplicity
πολύτιμος λίθος	gemstone
προβλέψιμος	predictable
προγραμματικός	programmatic
προδιατεθειμένος	predisposed
προικισμένος	gifted
προσαρμοσμένος	adapted, customized
προσδιοριστικός	determining
προσεχώς	coming soon
προσχεδιάζω	to plan in advance
προτεσταντικός	Protestant
προτιμώμενος	preferred
πρωτάρης	beginner, novice
πρωτίστως	primarily
πρωταρχικά	primarily
πρόσθιος	front, anterior
πόστο	post, position
ρεαλισμός	realism
ρεκλάμα	advertisement
ρευστοποιώ	to liquidate
ρημάζω	to ruin, devastate
ρυθμιστικός	regulatory
ρωσίδα	Russian (woman)
ρώσος	Russian
σείσιμο	shaking
σημαίνον	signifier
σιδέρωμα	ironing
σιωνισμός	Zionism
σιωνιστής	Zionist
σκόπιμα	deliberately
σμιλεύω	to sculpt, chisel
σοβιετικός	Soviet
σορτς	shorts
σοσιαλδημοκρατικός	social democratic
σοσιαλοδημοκράτης	social democrat
σουηδός	Swede
σουλατσάρω	to stroll
σουφρώνω	to pucker; to pinch (steal)
σπέσιαλ	special
σπιτονοικοκυρά	landlady
σπιτονοικοκύρης	landlord
σπουδαιότητα	importance
σπρέι	spray
στατικός	static
σταυροειδής	cross-shaped
στενεύω	to narrow, get tight
στερεώνω	to fix, fasten
στη μέση	in the middle
στη σειρά	in a row, in turn
στην ουσία	essentially
στην πραγματικότητα	in reality, actually
στιλό	pen
στοχασμός	reflection, thought
στρεσάρω	to stress
στριγκλίζω	to shriek
στροβιλίζω	to whirl, spin
στύλος	pillar, post
συγγραφικός	writing, authorial
συγκεντρωμένος	concentrated, gathered
συμμαχικός	allied
συμπιέζω	to compress
συμπλήρωμα	supplement
συμφιλιώνω	to reconcile
συμφοιτήτρια	fellow student (f.)
συναλλάσσομαι	to deal, trade
συναρμολογώ	to assemble
συνδεδεμένος	connected
συνενώνω	to unite, merge
συνεπιβάτης	fellow passenger
συνετός	prudent, sensible
συνηγορώ	to advocate, support
συννεφιά	cloudiness
συνοδηγός	co-driver, front passenger
συνταγογραφώ	to prescribe
συνταξιοδοτώ	to pension off
συστέλλω	to contract
συστημένος	registered (letter); recommended
συστρέφω	to twist
σφρίγος	vigour
σωστικός	rescue, life-saving
σόμπα	stove, heater
τέντα	awning, tent
τέντωμα	stretching
ταίριασμα	matching
ταιριαστός	matching, suitable
τακτοποίηση	arrangement, tidying
ταρακουνώ	to shake
ταυτοχρόνως	simultaneously
ταυτόσημος	identical
τελειωμένος	finished
τελειόφοιτος	final-year student
τεντώνομαι	to stretch (oneself)
τερατώδης	monstrous
τιτλοφορώ	to entitle
τονώνω	to boost, invigorate
τουρλώνω	to bulge, stick out
τριγυρίζω	to wander around
τρικ	trick
τρικυμία	storm (at sea)
τριχωτό	hair (of the body)
τροχαία	traffic police
τρυφερότητα	tenderness
υπαινιγμός	hint, insinuation
υπερήφανα	proudly
υπερηφανεύομαι	to be proud, boast
υπερτερώ	to outnumber, excel
υποκίνηση	incitement
υποκείμενος, -η, -ο	underlying
υπόνομος	sewer
φθαρμένος	worn out
φιλτράρω	to filter
φορτισμένος	charged
φράσσω	to block, fence
φρίκη	horror
φτυαρίζω	to shovel
φυλλομετρητής	browser
φυσάει	it is windy
φόρτωση	loading
χαμηλότερος	lower
χαρτογράφηση	mapping
χαρτογραφώ	to map
χολ	hall
χονδροειδής	crude, coarse
χρυσαφένιος	golden
χόκεϊ	hockey
χώνω	to stick, shove
